-- phpMyAdmin SQL Dump
-- version 2.8.1
-- http://www.phpmyadmin.net
--
-- Host: localhost
-- Generation Time: Oct 19, 2007 at 11:26 AM
-- Server version: 5.0.22
-- PHP Version: 5.2.0

SET FOREIGN_KEY_CHECKS=0;
--
-- Database: `qubit`
--

--
-- Dumping data for table `static_page`
--

INSERT INTO `static_page` (`id`, `title`, `permalink`, `page_content`, `stylesheet`, `created_at`, `updated_at`) VALUES (1, 'Homepage', 'homepage', '<h1 id="first">Welcome</h1>\r\nThis is the homepage for the default installation of Qubit, the open information management toolkit.\r\n\r\nQubit is fully web-based, open-source software that allows individuals and institutions such as libraries, archives, museums, and art galleries to manage and host online collections of information resources (e.g. archival documents, photographs, videos, books, etc.). Qubit supports multi-lingual and multi-repository collections.\r\n\r\nSee the <a href="http://qubit-toolkit.org/wiki">online  manual</a> to learn how to customize Qubit and begin using it to enter and manage your data.', '', '2006-09-11 12:52:39', '2007-09-13 16:39:27'),
(13, 'about', 'about', '<h1 id="first">About</h1>\r\nThis is the <i>About</i> page for the default installation of Qubit, open information management toolkit.\r\n\r\nSee the <a href="http://qubit-toolkit.org/wiki">online  manual</a> to learn how to customize Qubit, including this page, and how to begin using it to enter and manage your data.\r\n\r\n<h1>About Qubit</h1>\r\nQubit is the collaborative effort of two seperate open-source software projects that have decided to work together to leverage time, knowledge and skills. Each of these projects is using and contributing to Qubit as the underlying toolkit to build their own applications.\r\n\r\nPlease visit the respective project websites for more information:\r\n\r\n<ul><li><a href="http://ica-atom.org">ICA-AtoM</a></li>\r\n<li><a href="http://www.alouettecanada.ca/">Aloutte Canada</a></li></ul>', '', '2007-07-10 14:45:50', '2007-09-13 16:28:08');

--
-- Dumping data for table `taxonomy`
--

INSERT INTO `taxonomy` (`id`, `name`, `term_use`, `note`, `created_at`, `updated_at`) VALUES (1, 'ActorRecursiveRelationshipType', 'admin', 'As required by ISAAR(CPF), indicates the type of relationship which exists between two actors described in the authority files (e.g. hierarchical, temporal, family, associative).', NULL, NULL),
(2, 'ActorRole', 'admin', 'Describes the role which the Actor plays in relation to the related informationObject (e.g. creator, author, custodian, copyright owner, owner, etc.)', NULL, NULL),
(3, 'AuthorityFileDetail', 'user', 'As required by ISAAR(CPF), indicates the level of detail to which the authority file is completed (e.g. minimal, partial, or full)', NULL, NULL),
(4, 'AuthorityFileEntityType', 'user', 'As required by ISAAR(CPF), indicates the type of entity that is described in the authority file (e.g. corporate body, person, or family).', NULL, NULL),
(5, 'AuthorityFileStatus', 'user', 'As required by ISAAR(CPF), indicates the drafting status of the authority file (e.g. draft, finalized, revised, or deleted)', NULL, NULL),
(6, 'Country', 'admin', 'Country names and codes. Original values derived from ISO 3166 (code_alpha = ISO 3166-1, code_alpha2 = ISO 3166-2, code_numeric = ISO 3166-numeric)', NULL, NULL),
(7, 'LevelOfDescription', 'user', 'The hierarchical levels of archival description as prescribed by ISAD (e.g. fonds, series, file, item).', NULL, NULL),
(8, 'GeographicRegion', 'user', 'Global or regional area (other than formal continent, country, province or city names) which is used to describe a geographic location. The original values for these terms were derived from the ICA''s list of Regional Branches.', NULL, NULL),
(9, 'InstitutionCategory', 'user', 'The type of institution which is providing access to archival holdings. The original values for these terms were derived from the UNESCO Archives Portal categories for archival repositories.', NULL, NULL),
(10, 'Language', 'user', 'Language names and codes. Original values derived from ISO 639. (alpha_code = ISO 639-1, alpha_code2 = ISO 639-2)', NULL, NULL),
(11, 'MaterialType', 'admin', 'used to differentiate archival material from bibliographic material and other object types at the highest level (e.g. artifacts) ', NULL, NULL),
(12, 'MediaType', 'user', 'The format or genre of archival material. Also referred to as ''General Material Designation'' or ''Resource Type'' in some standards. The initial values for Media Type were derived from the  OAIster service which has a mapping  of 365 different formats and genres to these 5 core values: text, image, video, audio, dataset (see http://oaister.umdl.umich.edu/o/oaister/docs/normal_types.txt)', NULL, NULL),
(13, 'Script', 'user', 'Script names and codes. Original values derived from ISO 15924.', NULL, NULL),
(14, 'Subject', 'user', 'Terms which can be used as subject access points to describe archival material', NULL, NULL),
(15, 'UserCredential', 'admin', 'User credentials define roles and associated permissions to carry out tasks in the ICA-AtoM application.', NULL, NULL),
(16, 'UserTermRelationshipType', 'admin', 'categorizes the nature of relationships between User and Term objects', NULL, NULL),
(17, 'ActorTermRelationshipType', 'admin', NULL, NULL, NULL),
(18, 'ActorNameTypes', 'user', NULL, NULL, NULL),
(19, 'NoteType', 'user', NULL, NULL, NULL),
(20, 'RepositoryType', 'user', 'see ISIAH 5.1.5', NULL, NULL),
(22, 'RepositoryTermRelationshipType', 'admin', NULL, NULL, NULL),
(24, 'CollectionType', 'admin', NULL, NULL, NULL),
(25, 'InformationObjectTermRelationshipType', 'admin', NULL, NULL, NULL),
(26, 'EventType', 'admin', 'used to describe the types of Events that occur between Actors and InformationObjects', NULL, NULL);

--
-- Dumping data for table `term`
--

INSERT INTO `term` (`id`, `taxonomy_id`, `term_name`, `scope_note`, `code_alpha`, `code_alpha2`, `code_numeric`, `sort_order`, `source`, `locked`, `tree_id`, `tree_left_id`, `tree_right_id`, `tree_parent_id`, `created_at`, `updated_at`) VALUES (2, 15, 'contributor', NULL, NULL, NULL, NULL, 2, NULL, 1, NULL, NULL, NULL, NULL, NULL, NULL),
(3, 15, 'editor', NULL, NULL, NULL, NULL, 3, NULL, 1, NULL, NULL, NULL, NULL, NULL, NULL),
(4, 15, 'translator', NULL, NULL, NULL, NULL, 4, NULL, 1, NULL, NULL, NULL, NULL, NULL, NULL),
(5, 15, 'administrator', NULL, NULL, NULL, NULL, 5, NULL, 1, NULL, NULL, NULL, NULL, NULL, NULL),
(6, 16, 'credential', NULL, NULL, NULL, NULL, NULL, NULL, 1, NULL, NULL, NULL, NULL, NULL, NULL),
(7, 4, 'Corporate Body', '', '', '', NULL, 1, 'ISAAR(CPF)', NULL, NULL, NULL, NULL, NULL, '2007-09-17 16:53:56', '2007-09-17 16:53:56'),
(8, 4, 'Person', '', '', '', NULL, 2, 'ISAAR(CPF)', NULL, NULL, NULL, NULL, NULL, '2007-09-17 16:54:26', '2007-09-17 16:54:26'),
(9, 4, 'Family', '', '', '', NULL, 3, 'ISAAR(CPF)', NULL, NULL, NULL, NULL, NULL, '2007-09-17 16:54:43', '2007-09-18 12:45:47'),
(11, 3, 'Full', '', '', '', NULL, 1, 'ISAAR (CPF)', NULL, NULL, NULL, NULL, NULL, '2007-09-18 12:47:29', '2007-09-18 12:47:29'),
(15, 5, 'Final', '', '', '', NULL, 1, 'ISAAR (CPF)', NULL, NULL, NULL, NULL, NULL, '2007-09-18 13:49:36', '2007-09-18 13:49:36'),
(16, 5, 'Revised', '', '', '', NULL, 2, 'ISAAR (CPF)', NULL, NULL, NULL, NULL, NULL, '2007-09-18 13:49:53', '2007-09-18 13:49:53'),
(17, 5, 'Draft', '', '', '', NULL, 3, 'ISAAR (CPF)', NULL, NULL, NULL, NULL, NULL, '2007-09-18 13:50:16', '2007-09-18 13:50:16'),
(18, 5, 'Deleted', '', '', '', NULL, 4, 'ISAAR (CPF)', NULL, NULL, NULL, NULL, NULL, '2007-09-18 13:50:33', '2007-09-18 13:50:33'),
(19, 17, 'Language of Authority File', NULL, NULL, NULL, NULL, NULL, 'ISAAR(CPF) 5.4.7', 1, NULL, NULL, NULL, NULL, NULL, NULL),
(20, 17, 'Script of Authority File', NULL, NULL, NULL, NULL, NULL, 'ISAAR(CPF) 5.4.7', 1, NULL, NULL, NULL, NULL, NULL, NULL),
(21, 13, 'Arabic', NULL, 'arab', NULL, 160, NULL, 'ISO 15924', NULL, NULL, NULL, NULL, NULL, NULL, NULL),
(22, 13, 'Braille', NULL, 'brai', NULL, 570, NULL, 'ISO 15924', NULL, NULL, NULL, NULL, NULL, NULL, NULL),
(23, 13, 'Cyrillic', NULL, 'cyrl', NULL, 220, NULL, 'ISO 15924', NULL, NULL, NULL, NULL, NULL, NULL, NULL),
(24, 13, 'Egyptian hieroglyphs', NULL, 'egyp', NULL, 50, NULL, 'ISO 15924', NULL, NULL, NULL, NULL, NULL, NULL, NULL),
(25, 13, 'Gothic', NULL, 'goth', NULL, 206, NULL, 'ISO 15924', NULL, NULL, NULL, NULL, NULL, NULL, NULL),
(26, 13, 'Greek', NULL, 'grek', NULL, 200, NULL, 'ISO 15924', NULL, NULL, NULL, NULL, NULL, NULL, NULL),
(27, 13, 'Hebrew', NULL, 'hebr', NULL, 125, NULL, 'ISO 15924', NULL, NULL, NULL, NULL, NULL, NULL, NULL),
(28, 13, 'Japanese', NULL, 'jpan', NULL, 413, NULL, 'ISO 15924', NULL, NULL, NULL, NULL, NULL, NULL, NULL),
(29, 13, 'Latin', NULL, 'latn', NULL, 215, NULL, 'ISO 15924', NULL, NULL, NULL, NULL, NULL, NULL, NULL),
(34, 10, 'English', '', 'en', 'eng', NULL, 1, 'ISO 639-2', NULL, NULL, NULL, NULL, NULL, NULL, '2007-09-19 12:48:56'),
(35, 10, 'French', '', 'fr', 'fre', NULL, 2, 'ISO 639-2', NULL, NULL, NULL, NULL, NULL, NULL, '2007-09-19 12:49:08'),
(36, 10, 'Spanish', '', 'es', 'spa', NULL, 3, 'ISO 639-2', NULL, NULL, NULL, NULL, NULL, NULL, '2007-09-19 12:49:18'),
(37, 10, 'Dutch', '', 'nl', 'dut', NULL, 4, 'ISO 639-2', NULL, NULL, NULL, NULL, NULL, NULL, '2007-09-19 12:49:25'),
(38, 10, 'Italian', '', 'it', 'ita', NULL, 5, 'ISO 639-2', NULL, NULL, NULL, NULL, NULL, NULL, '2007-09-19 12:49:35'),
(39, 18, 'Parrallel Form', '', '', '', NULL, 1, 'ISAAR (CPF) 5.1.3', NULL, NULL, NULL, NULL, NULL, '2007-09-19 17:07:33', '2007-09-20 15:20:42'),
(40, 18, 'Standardized Form', '', '', '', NULL, 2, 'ISAAR (CPF) 5.1.4', NULL, NULL, NULL, NULL, NULL, '2007-09-19 17:09:33', '2007-09-20 15:20:32'),
(41, 18, 'Pseudonym', '', '', '', NULL, 5, '', NULL, NULL, NULL, NULL, NULL, '2007-09-19 17:16:52', '2007-10-18 15:20:58'),
(42, 18, 'Acronym', '', '', '', NULL, 6, '', NULL, NULL, NULL, NULL, NULL, '2007-09-19 17:19:48', '2007-10-18 15:20:46'),
(43, 18, 'Title', '', '', '', NULL, 7, '', NULL, NULL, NULL, NULL, NULL, '2007-09-19 17:21:00', '2007-10-18 15:20:40'),
(44, 18, 'Family Name', '', '', '', NULL, 8, '', NULL, NULL, NULL, NULL, NULL, '2007-09-19 17:21:13', '2007-10-18 15:20:33'),
(45, 18, 'Maiden Name', '', '', '', NULL, 9, '', NULL, NULL, NULL, NULL, NULL, '2007-09-19 17:21:26', '2007-10-18 15:20:26'),
(46, 18, 'First Name', '', '', '', NULL, 10, '', NULL, NULL, NULL, NULL, NULL, '2007-09-19 17:21:46', '2007-10-18 15:20:20'),
(47, 18, 'Middle Name(s)', '', '', '', NULL, 11, '', NULL, NULL, NULL, NULL, NULL, '2007-09-19 17:21:59', '2007-10-18 15:20:13'),
(48, 18, 'Initials', '', '', '', NULL, 12, '', NULL, NULL, NULL, NULL, NULL, '2007-09-19 17:22:22', '2007-10-18 15:20:06'),
(49, 18, 'Nickname', '', '', '', NULL, 13, '', NULL, NULL, NULL, NULL, NULL, '2007-09-19 17:23:16', '2007-10-18 15:19:59'),
(50, NULL, 'Maintenance Note', '', '', '', NULL, 4, 'ISAAR(CPF) 5.4.9', NULL, NULL, NULL, NULL, NULL, '2007-09-20 16:58:34', '2007-10-01 17:15:51'),
(51, 19, 'Publication Note', '', '', '', NULL, 4, 'ISAD(G) 3.5.4', NULL, NULL, NULL, NULL, NULL, '2007-09-20 17:23:40', '2007-10-02 11:28:21'),
(52, 19, 'Archivist''s Note', '', '', '', NULL, 3, 'ISAD(G) 3.7.1', NULL, NULL, NULL, NULL, NULL, '2007-09-20 17:24:01', '2007-10-02 11:28:16'),
(53, 19, 'General Note', '', '', '', NULL, 2, 'ISAD(G) 3.6.1', NULL, NULL, NULL, NULL, NULL, '2007-09-20 17:25:00', '2007-10-02 11:28:10'),
(55, 20, 'International', '', '', '', NULL, 1, '', 1, NULL, NULL, NULL, NULL, '2007-09-21 16:46:38', '2007-09-21 16:46:57'),
(56, 20, 'National', '', '', '', NULL, 2, '', NULL, NULL, NULL, NULL, NULL, '2007-09-21 16:46:51', '2007-09-21 16:46:51'),
(57, 20, 'Provincial/State', '', '', '', NULL, 3, '', NULL, NULL, NULL, NULL, NULL, '2007-09-21 16:47:12', '2007-09-21 16:47:12'),
(58, NULL, 'Regional', '', '', '', NULL, 4, '', NULL, NULL, NULL, NULL, NULL, '2007-09-21 16:47:23', '2007-10-01 17:18:01'),
(59, NULL, 'City/Municipal', '', '', '', NULL, 5, '', NULL, NULL, NULL, NULL, NULL, '2007-09-21 16:47:38', '2007-10-01 17:16:01'),
(60, 20, 'Community ', '', '', '', NULL, 4, '', NULL, NULL, NULL, NULL, NULL, '2007-09-21 16:47:49', '2007-10-18 15:23:31'),
(61, 20, 'Religious', '', '', '', NULL, 5, '', NULL, NULL, NULL, NULL, NULL, '2007-09-21 16:48:28', '2007-10-18 15:23:59'),
(62, 20, 'University', '', '', '', NULL, 6, '', NULL, NULL, NULL, NULL, NULL, '2007-09-21 16:48:53', '2007-10-18 15:24:08'),
(63, 22, 'Language of Repository Description', NULL, NULL, NULL, NULL, NULL, 'ISIAH 5.6.7', 1, NULL, NULL, NULL, NULL, NULL, NULL),
(64, 22, 'Script of Repository Description', NULL, NULL, NULL, NULL, NULL, 'ISIAH 5.6.7', NULL, NULL, NULL, NULL, NULL, NULL, NULL),
(65, 3, 'Minimal', '', '', '', NULL, 3, 'ISAAR (CPF)', NULL, NULL, NULL, NULL, NULL, '2007-09-24 13:48:12', '2007-09-24 13:48:27'),
(66, 3, 'Partial', '', '', '', NULL, 2, 'ISAAR (CPF)', NULL, NULL, NULL, NULL, NULL, '2007-09-24 14:20:44', '2007-09-24 14:20:44'),
(75, 6, 'Afghanistan', NULL, 'AF', 'AFG', 4, NULL, 'ISO 3166', NULL, NULL, NULL, NULL, NULL, NULL, NULL),
(76, 6, 'Albania', NULL, 'AL', 'ALB', 8, NULL, 'ISO 3166', NULL, NULL, NULL, NULL, NULL, NULL, NULL),
(77, 6, 'Algeria', NULL, 'DZ', 'DZA', 12, NULL, 'ISO 3166', NULL, NULL, NULL, NULL, NULL, NULL, NULL),
(78, 6, 'American Samoa', NULL, 'AS', 'ASM', 16, NULL, 'ISO 3166', NULL, NULL, NULL, NULL, NULL, NULL, NULL),
(79, 6, 'Andorra', NULL, 'AD', 'AND', 20, NULL, 'ISO 3166', NULL, NULL, NULL, NULL, NULL, NULL, NULL),
(80, 6, 'Angola', NULL, 'AO', 'AGO', 24, NULL, 'ISO 3166', NULL, NULL, NULL, NULL, NULL, NULL, NULL),
(81, 6, 'Anguilla', NULL, 'AI', 'AIA', 660, NULL, 'ISO 3166', NULL, NULL, NULL, NULL, NULL, NULL, NULL),
(82, 6, 'Antarctica', NULL, 'AQ', NULL, NULL, NULL, 'ISO 3166', NULL, NULL, NULL, NULL, NULL, NULL, NULL),
(83, 6, 'Antigua and Barbuda', NULL, 'AG', 'ATG', 28, NULL, 'ISO 3166', NULL, NULL, NULL, NULL, NULL, NULL, NULL),
(84, 6, 'Argentina', NULL, 'AR', 'ARG', 32, NULL, 'ISO 3166', NULL, NULL, NULL, NULL, NULL, NULL, NULL),
(85, 6, 'Armenia', NULL, 'AM', 'ARM', 51, NULL, 'ISO 3166', NULL, NULL, NULL, NULL, NULL, NULL, NULL),
(86, 6, 'Aruba', NULL, 'AW', 'ABW', 533, NULL, 'ISO 3166', NULL, NULL, NULL, NULL, NULL, NULL, NULL),
(87, 6, 'Australia', NULL, 'AU', 'AUS', 36, NULL, 'ISO 3166', NULL, NULL, NULL, NULL, NULL, NULL, NULL),
(88, 6, 'Austria', NULL, 'AT', 'AUT', 40, NULL, 'ISO 3166', NULL, NULL, NULL, NULL, NULL, NULL, NULL),
(89, 6, 'Azerbaijan', NULL, 'AZ', 'AZE', 31, NULL, 'ISO 3166', NULL, NULL, NULL, NULL, NULL, NULL, NULL),
(90, 6, 'Bahamas', NULL, 'BS', 'BHS', 44, NULL, 'ISO 3166', NULL, NULL, NULL, NULL, NULL, NULL, NULL),
(91, 6, 'Bahrain', NULL, 'BH', 'BHR', 48, NULL, 'ISO 3166', NULL, NULL, NULL, NULL, NULL, NULL, NULL),
(92, 6, 'Bangladesh', NULL, 'BD', 'BGD', 50, NULL, 'ISO 3166', NULL, NULL, NULL, NULL, NULL, NULL, NULL),
(93, 6, 'Barbados', NULL, 'BB', 'BRB', 52, NULL, 'ISO 3166', NULL, NULL, NULL, NULL, NULL, NULL, NULL),
(94, 6, 'Belarus', NULL, 'BY', 'BLR', 112, NULL, 'ISO 3166', NULL, NULL, NULL, NULL, NULL, NULL, NULL),
(95, 6, 'Belgium', NULL, 'BE', 'BEL', 56, NULL, 'ISO 3166', NULL, NULL, NULL, NULL, NULL, NULL, NULL),
(96, 6, 'Belize', NULL, 'BZ', 'BLZ', 84, NULL, 'ISO 3166', NULL, NULL, NULL, NULL, NULL, NULL, NULL),
(97, 6, 'Benin', NULL, 'BJ', 'BEN', 204, NULL, 'ISO 3166', NULL, NULL, NULL, NULL, NULL, NULL, NULL),
(98, 6, 'Bermuda', NULL, 'BM', 'BMU', 60, NULL, 'ISO 3166', NULL, NULL, NULL, NULL, NULL, NULL, NULL),
(99, 6, 'Bhutan', NULL, 'BT', 'BTN', 64, NULL, 'ISO 3166', NULL, NULL, NULL, NULL, NULL, NULL, NULL),
(100, 6, 'Bolivia', NULL, 'BO', 'BOL', 68, NULL, 'ISO 3166', NULL, NULL, NULL, NULL, NULL, NULL, NULL),
(101, 6, 'Bosnia and Herzegovina', NULL, 'BA', 'BIH', 70, NULL, 'ISO 3166', NULL, NULL, NULL, NULL, NULL, NULL, NULL),
(102, 6, 'Botswana', NULL, 'BW', 'BWA', 72, NULL, 'ISO 3166', NULL, NULL, NULL, NULL, NULL, NULL, NULL),
(103, 6, 'Bouvet Island', NULL, 'BV', NULL, NULL, NULL, 'ISO 3166', NULL, NULL, NULL, NULL, NULL, NULL, NULL),
(104, 6, 'Brazil', NULL, 'BR', 'BRA', 76, NULL, 'ISO 3166', NULL, NULL, NULL, NULL, NULL, NULL, NULL),
(105, 6, 'British Indian Ocean Territory', NULL, 'IO', NULL, NULL, NULL, 'ISO 3166', NULL, NULL, NULL, NULL, NULL, NULL, NULL),
(106, 6, 'Brunei Darussalam', NULL, 'BN', 'BRN', 96, NULL, 'ISO 3166', NULL, NULL, NULL, NULL, NULL, NULL, NULL),
(107, 6, 'Bulgaria', NULL, 'BG', 'BGR', 100, NULL, 'ISO 3166', NULL, NULL, NULL, NULL, NULL, NULL, NULL),
(108, 6, 'Burkina Faso', NULL, 'BF', 'BFA', 854, NULL, 'ISO 3166', NULL, NULL, NULL, NULL, NULL, NULL, NULL),
(109, 6, 'Burundi', NULL, 'BI', 'BDI', 108, NULL, 'ISO 3166', NULL, NULL, NULL, NULL, NULL, NULL, NULL),
(110, 6, 'Cambodia', NULL, 'KH', 'KHM', 116, NULL, 'ISO 3166', NULL, NULL, NULL, NULL, NULL, NULL, NULL),
(111, 6, 'Cameroon', NULL, 'CM', 'CMR', 120, NULL, 'ISO 3166', NULL, NULL, NULL, NULL, NULL, NULL, NULL),
(112, 6, 'Canada', NULL, 'CA', 'CAN', 124, NULL, 'ISO 3166', NULL, NULL, NULL, NULL, NULL, NULL, NULL),
(113, 6, 'Cape Verde', NULL, 'CV', 'CPV', 132, NULL, 'ISO 3166', NULL, NULL, NULL, NULL, NULL, NULL, NULL),
(114, 6, 'Cayman Islands', NULL, 'KY', 'CYM', 136, NULL, 'ISO 3166', NULL, NULL, NULL, NULL, NULL, NULL, NULL),
(115, 6, 'Central African Republic', NULL, 'CF', 'CAF', 140, NULL, 'ISO 3166', NULL, NULL, NULL, NULL, NULL, NULL, NULL),
(116, 6, 'Chad', NULL, 'TD', 'TCD', 148, NULL, 'ISO 3166', NULL, NULL, NULL, NULL, NULL, NULL, NULL),
(117, 6, 'Chile', NULL, 'CL', 'CHL', 152, NULL, 'ISO 3166', NULL, NULL, NULL, NULL, NULL, NULL, NULL),
(118, 6, 'China', NULL, 'CN', 'CHN', 156, NULL, 'ISO 3166', NULL, NULL, NULL, NULL, NULL, NULL, NULL),
(119, 6, 'Christmas Island', NULL, 'CX', NULL, NULL, NULL, 'ISO 3166', NULL, NULL, NULL, NULL, NULL, NULL, NULL),
(120, 6, 'Cocos (Keeling) Islands', NULL, 'CC', NULL, NULL, NULL, 'ISO 3166', NULL, NULL, NULL, NULL, NULL, NULL, NULL),
(121, 6, 'Colombia', NULL, 'CO', 'COL', 170, NULL, 'ISO 3166', NULL, NULL, NULL, NULL, NULL, NULL, NULL),
(122, 6, 'Comoros', NULL, 'KM', 'COM', 174, NULL, 'ISO 3166', NULL, NULL, NULL, NULL, NULL, NULL, NULL),
(123, 6, 'Congo', NULL, 'CG', 'COG', 178, NULL, 'ISO 3166', NULL, NULL, NULL, NULL, NULL, NULL, NULL),
(124, 6, 'Congo, the Democratic Republic of the', NULL, 'CD', 'COD', 180, NULL, 'ISO 3166', NULL, NULL, NULL, NULL, NULL, NULL, NULL),
(125, 6, 'Cook Islands', NULL, 'CK', 'COK', 184, NULL, 'ISO 3166', NULL, NULL, NULL, NULL, NULL, NULL, NULL),
(126, 6, 'Costa Rica', NULL, 'CR', 'CRI', 188, NULL, 'ISO 3166', NULL, NULL, NULL, NULL, NULL, NULL, NULL),
(127, 6, 'Cote D''Ivoire', NULL, 'CI', 'CIV', 384, NULL, 'ISO 3166', NULL, NULL, NULL, NULL, NULL, NULL, NULL),
(128, 6, 'Croatia', NULL, 'HR', 'HRV', 191, NULL, 'ISO 3166', NULL, NULL, NULL, NULL, NULL, NULL, NULL),
(129, 6, 'Cuba', NULL, 'CU', 'CUB', 192, NULL, 'ISO 3166', NULL, NULL, NULL, NULL, NULL, NULL, NULL),
(130, 6, 'Cyprus', NULL, 'CY', 'CYP', 196, NULL, 'ISO 3166', NULL, NULL, NULL, NULL, NULL, NULL, NULL),
(131, 6, 'Czech Republic', NULL, 'CZ', 'CZE', 203, NULL, 'ISO 3166', NULL, NULL, NULL, NULL, NULL, NULL, NULL),
(132, 6, 'Denmark', NULL, 'DK', 'DNK', 208, NULL, 'ISO 3166', NULL, NULL, NULL, NULL, NULL, NULL, NULL),
(133, 6, 'Djibouti', NULL, 'DJ', 'DJI', 262, NULL, 'ISO 3166', NULL, NULL, NULL, NULL, NULL, NULL, NULL),
(134, 6, 'Dominica', NULL, 'DM', 'DMA', 212, NULL, 'ISO 3166', NULL, NULL, NULL, NULL, NULL, NULL, NULL),
(135, 6, 'Dominican Republic', NULL, 'DO', 'DOM', 214, NULL, 'ISO 3166', NULL, NULL, NULL, NULL, NULL, NULL, NULL),
(136, 6, 'Ecuador', NULL, 'EC', 'ECU', 218, NULL, 'ISO 3166', NULL, NULL, NULL, NULL, NULL, NULL, NULL),
(137, 6, 'Egypt', NULL, 'EG', 'EGY', 818, NULL, 'ISO 3166', NULL, NULL, NULL, NULL, NULL, NULL, NULL),
(138, 6, 'El Salvador', NULL, 'SV', 'SLV', 222, NULL, 'ISO 3166', NULL, NULL, NULL, NULL, NULL, NULL, NULL),
(139, 6, 'Equatorial Guinea', NULL, 'GQ', 'GNQ', 226, NULL, 'ISO 3166', NULL, NULL, NULL, NULL, NULL, NULL, NULL),
(140, 6, 'Eritrea', NULL, 'ER', 'ERI', 232, NULL, 'ISO 3166', NULL, NULL, NULL, NULL, NULL, NULL, NULL),
(141, 6, 'Estonia', NULL, 'EE', 'EST', 233, NULL, 'ISO 3166', NULL, NULL, NULL, NULL, NULL, NULL, NULL),
(142, 6, 'Ethiopia', NULL, 'ET', 'ETH', 231, NULL, 'ISO 3166', NULL, NULL, NULL, NULL, NULL, NULL, NULL),
(143, 6, 'Falkland Islands (Malvinas)', NULL, 'FK', 'FLK', 238, NULL, 'ISO 3166', NULL, NULL, NULL, NULL, NULL, NULL, NULL),
(144, 6, 'Faroe Islands', NULL, 'FO', 'FRO', 234, NULL, 'ISO 3166', NULL, NULL, NULL, NULL, NULL, NULL, NULL),
(145, 6, 'Fiji', NULL, 'FJ', 'FJI', 242, NULL, 'ISO 3166', NULL, NULL, NULL, NULL, NULL, NULL, NULL),
(146, 6, 'Finland', NULL, 'FI', 'FIN', 246, NULL, 'ISO 3166', NULL, NULL, NULL, NULL, NULL, NULL, NULL),
(147, 6, 'France', NULL, 'FR', 'FRA', 250, NULL, 'ISO 3166', NULL, NULL, NULL, NULL, NULL, NULL, NULL),
(148, 6, 'French Guiana', NULL, 'GF', 'GUF', 254, NULL, 'ISO 3166', NULL, NULL, NULL, NULL, NULL, NULL, NULL),
(149, 6, 'French Polynesia', NULL, 'PF', 'PYF', 258, NULL, 'ISO 3166', NULL, NULL, NULL, NULL, NULL, NULL, NULL),
(150, 6, 'French Southern Territories', NULL, 'TF', NULL, NULL, NULL, 'ISO 3166', NULL, NULL, NULL, NULL, NULL, NULL, NULL),
(151, 6, 'Gabon', NULL, 'GA', 'GAB', 266, NULL, 'ISO 3166', NULL, NULL, NULL, NULL, NULL, NULL, NULL),
(152, 6, 'Gambia', NULL, 'GM', 'GMB', 270, NULL, 'ISO 3166', NULL, NULL, NULL, NULL, NULL, NULL, NULL),
(153, 6, 'Georgia', NULL, 'GE', 'GEO', 268, NULL, 'ISO 3166', NULL, NULL, NULL, NULL, NULL, NULL, NULL),
(154, 6, 'Germany', NULL, 'DE', 'DEU', 276, NULL, 'ISO 3166', NULL, NULL, NULL, NULL, NULL, NULL, NULL),
(155, 6, 'Ghana', NULL, 'GH', 'GHA', 288, NULL, 'ISO 3166', NULL, NULL, NULL, NULL, NULL, NULL, NULL),
(156, 6, 'Gibraltar', NULL, 'GI', 'GIB', 292, NULL, 'ISO 3166', NULL, NULL, NULL, NULL, NULL, NULL, NULL),
(157, 6, 'Greece', NULL, 'GR', 'GRC', 300, NULL, 'ISO 3166', NULL, NULL, NULL, NULL, NULL, NULL, NULL),
(158, 6, 'Greenland', NULL, 'GL', 'GRL', 304, NULL, 'ISO 3166', NULL, NULL, NULL, NULL, NULL, NULL, NULL),
(159, 6, 'Grenada', NULL, 'GD', 'GRD', 308, NULL, 'ISO 3166', NULL, NULL, NULL, NULL, NULL, NULL, NULL),
(160, 6, 'Guadeloupe', NULL, 'GP', 'GLP', 312, NULL, 'ISO 3166', NULL, NULL, NULL, NULL, NULL, NULL, NULL),
(161, 6, 'Guam', NULL, 'GU', 'GUM', 316, NULL, 'ISO 3166', NULL, NULL, NULL, NULL, NULL, NULL, NULL),
(162, 6, 'Guatemala', NULL, 'GT', 'GTM', 320, NULL, 'ISO 3166', NULL, NULL, NULL, NULL, NULL, NULL, NULL),
(163, 6, 'Guinea', NULL, 'GN', 'GIN', 324, NULL, 'ISO 3166', NULL, NULL, NULL, NULL, NULL, NULL, NULL),
(164, 6, 'Guinea-Bissau', NULL, 'GW', 'GNB', 624, NULL, 'ISO 3166', NULL, NULL, NULL, NULL, NULL, NULL, NULL),
(165, 6, 'Guyana', NULL, 'GY', 'GUY', 328, NULL, 'ISO 3166', NULL, NULL, NULL, NULL, NULL, NULL, NULL),
(166, 6, 'Haiti', NULL, 'HT', 'HTI', 332, NULL, 'ISO 3166', NULL, NULL, NULL, NULL, NULL, NULL, NULL),
(167, 6, 'Heard Island and Mcdonald Islands', NULL, 'HM', NULL, NULL, NULL, 'ISO 3166', NULL, NULL, NULL, NULL, NULL, NULL, NULL),
(168, 6, 'Holy See (Vatican City State)', NULL, 'VA', 'VAT', 336, NULL, 'ISO 3166', NULL, NULL, NULL, NULL, NULL, NULL, NULL),
(169, 6, 'Honduras', NULL, 'HN', 'HND', 340, NULL, 'ISO 3166', NULL, NULL, NULL, NULL, NULL, NULL, NULL),
(170, 6, 'Hong Kong', NULL, 'HK', 'HKG', 344, NULL, 'ISO 3166', NULL, NULL, NULL, NULL, NULL, NULL, NULL),
(171, 6, 'Hungary', NULL, 'HU', 'HUN', 348, NULL, 'ISO 3166', NULL, NULL, NULL, NULL, NULL, NULL, NULL),
(172, 6, 'Iceland', NULL, 'IS', 'ISL', 352, NULL, 'ISO 3166', NULL, NULL, NULL, NULL, NULL, NULL, NULL),
(173, 6, 'India', NULL, 'IN', 'IND', 356, NULL, 'ISO 3166', NULL, NULL, NULL, NULL, NULL, NULL, NULL),
(174, 6, 'Indonesia', NULL, 'ID', 'IDN', 360, NULL, 'ISO 3166', NULL, NULL, NULL, NULL, NULL, NULL, NULL),
(175, 6, 'Iran, Islamic Republic of', NULL, 'IR', 'IRN', 364, NULL, 'ISO 3166', NULL, NULL, NULL, NULL, NULL, NULL, NULL),
(176, 6, 'Iraq', NULL, 'IQ', 'IRQ', 368, NULL, 'ISO 3166', NULL, NULL, NULL, NULL, NULL, NULL, NULL),
(177, 6, 'Ireland', NULL, 'IE', 'IRL', 372, NULL, 'ISO 3166', NULL, NULL, NULL, NULL, NULL, NULL, NULL),
(178, 6, 'Israel', NULL, 'IL', 'ISR', 376, NULL, 'ISO 3166', NULL, NULL, NULL, NULL, NULL, NULL, NULL),
(179, 6, 'Italy', NULL, 'IT', 'ITA', 380, NULL, 'ISO 3166', NULL, NULL, NULL, NULL, NULL, NULL, NULL),
(180, 6, 'Jamaica', NULL, 'JM', 'JAM', 388, NULL, 'ISO 3166', NULL, NULL, NULL, NULL, NULL, NULL, NULL),
(181, 6, 'Japan', NULL, 'JP', 'JPN', 392, NULL, 'ISO 3166', NULL, NULL, NULL, NULL, NULL, NULL, NULL),
(182, 6, 'Jordan', NULL, 'JO', 'JOR', 400, NULL, 'ISO 3166', NULL, NULL, NULL, NULL, NULL, NULL, NULL),
(183, 6, 'Kazakhstan', NULL, 'KZ', 'KAZ', 398, NULL, 'ISO 3166', NULL, NULL, NULL, NULL, NULL, NULL, NULL),
(184, 6, 'Kenya', NULL, 'KE', 'KEN', 404, NULL, 'ISO 3166', NULL, NULL, NULL, NULL, NULL, NULL, NULL),
(185, 6, 'Kiribati', NULL, 'KI', 'KIR', 296, NULL, 'ISO 3166', NULL, NULL, NULL, NULL, NULL, NULL, NULL),
(186, 6, 'Korea, Democratic People''s Republic of', NULL, 'KP', 'PRK', 408, NULL, 'ISO 3166', NULL, NULL, NULL, NULL, NULL, NULL, NULL),
(187, 6, 'Korea, Republic of', NULL, 'KR', 'KOR', 410, NULL, 'ISO 3166', NULL, NULL, NULL, NULL, NULL, NULL, NULL),
(188, 6, 'Kuwait', NULL, 'KW', 'KWT', 414, NULL, 'ISO 3166', NULL, NULL, NULL, NULL, NULL, NULL, NULL),
(189, 6, 'Kyrgyzstan', NULL, 'KG', 'KGZ', 417, NULL, 'ISO 3166', NULL, NULL, NULL, NULL, NULL, NULL, NULL),
(190, 6, 'Lao People''s Democratic Republic', NULL, 'LA', 'LAO', 418, NULL, 'ISO 3166', NULL, NULL, NULL, NULL, NULL, NULL, NULL),
(191, 6, 'Latvia', NULL, 'LV', 'LVA', 428, NULL, 'ISO 3166', NULL, NULL, NULL, NULL, NULL, NULL, NULL),
(192, 6, 'Lebanon', NULL, 'LB', 'LBN', 422, NULL, 'ISO 3166', NULL, NULL, NULL, NULL, NULL, NULL, NULL),
(193, 6, 'Lesotho', NULL, 'LS', 'LSO', 426, NULL, 'ISO 3166', NULL, NULL, NULL, NULL, NULL, NULL, NULL),
(194, 6, 'Liberia', NULL, 'LR', 'LBR', 430, NULL, 'ISO 3166', NULL, NULL, NULL, NULL, NULL, NULL, NULL),
(195, 6, 'Libyan Arab Jamahiriya', NULL, 'LY', 'LBY', 434, NULL, 'ISO 3166', NULL, NULL, NULL, NULL, NULL, NULL, NULL),
(196, 6, 'Liechtenstein', NULL, 'LI', 'LIE', 438, NULL, 'ISO 3166', NULL, NULL, NULL, NULL, NULL, NULL, NULL),
(197, 6, 'Lithuania', NULL, 'LT', 'LTU', 440, NULL, 'ISO 3166', NULL, NULL, NULL, NULL, NULL, NULL, NULL),
(198, 6, 'Luxembourg', NULL, 'LU', 'LUX', 442, NULL, 'ISO 3166', NULL, NULL, NULL, NULL, NULL, NULL, NULL),
(199, 6, 'Macao', NULL, 'MO', 'MAC', 446, NULL, 'ISO 3166', NULL, NULL, NULL, NULL, NULL, NULL, NULL),
(200, 6, 'Macedonia, the Former Yugoslav Republic of', NULL, 'MK', 'MKD', 807, NULL, 'ISO 3166', NULL, NULL, NULL, NULL, NULL, NULL, NULL),
(201, 6, 'Madagascar', NULL, 'MG', 'MDG', 450, NULL, 'ISO 3166', NULL, NULL, NULL, NULL, NULL, NULL, NULL),
(202, 6, 'Malawi', NULL, 'MW', 'MWI', 454, NULL, 'ISO 3166', NULL, NULL, NULL, NULL, NULL, NULL, NULL),
(203, 6, 'Malaysia', NULL, 'MY', 'MYS', 458, NULL, 'ISO 3166', NULL, NULL, NULL, NULL, NULL, NULL, NULL),
(204, 6, 'Maldives', NULL, 'MV', 'MDV', 462, NULL, 'ISO 3166', NULL, NULL, NULL, NULL, NULL, NULL, NULL),
(205, 6, 'Mali', NULL, 'ML', 'MLI', 466, NULL, 'ISO 3166', NULL, NULL, NULL, NULL, NULL, NULL, NULL),
(206, 6, 'Malta', NULL, 'MT', 'MLT', 470, NULL, 'ISO 3166', NULL, NULL, NULL, NULL, NULL, NULL, NULL),
(207, 6, 'Marshall Islands', NULL, 'MH', 'MHL', 584, NULL, 'ISO 3166', NULL, NULL, NULL, NULL, NULL, NULL, NULL),
(208, 6, 'Martinique', NULL, 'MQ', 'MTQ', 474, NULL, 'ISO 3166', NULL, NULL, NULL, NULL, NULL, NULL, NULL),
(209, 6, 'Mauritania', NULL, 'MR', 'MRT', 478, NULL, 'ISO 3166', NULL, NULL, NULL, NULL, NULL, NULL, NULL),
(210, 6, 'Mauritius', NULL, 'MU', 'MUS', 480, NULL, 'ISO 3166', NULL, NULL, NULL, NULL, NULL, NULL, NULL),
(211, 6, 'Mayotte', NULL, 'YT', NULL, NULL, NULL, 'ISO 3166', NULL, NULL, NULL, NULL, NULL, NULL, NULL),
(212, 6, 'Mexico', NULL, 'MX', 'MEX', 484, NULL, 'ISO 3166', NULL, NULL, NULL, NULL, NULL, NULL, NULL),
(213, 6, 'Micronesia, Federated States of', NULL, 'FM', 'FSM', 583, NULL, 'ISO 3166', NULL, NULL, NULL, NULL, NULL, NULL, NULL),
(214, 6, 'Moldova, Republic of', NULL, 'MD', 'MDA', 498, NULL, 'ISO 3166', NULL, NULL, NULL, NULL, NULL, NULL, NULL),
(215, 6, 'Monaco', NULL, 'MC', 'MCO', 492, NULL, 'ISO 3166', NULL, NULL, NULL, NULL, NULL, NULL, NULL),
(216, 6, 'Mongolia', NULL, 'MN', 'MNG', 496, NULL, 'ISO 3166', NULL, NULL, NULL, NULL, NULL, NULL, NULL),
(217, 6, 'Montserrat', NULL, 'MS', 'MSR', 500, NULL, 'ISO 3166', NULL, NULL, NULL, NULL, NULL, NULL, NULL),
(218, 6, 'Morocco', NULL, 'MA', 'MAR', 504, NULL, 'ISO 3166', NULL, NULL, NULL, NULL, NULL, NULL, NULL),
(219, 6, 'Mozambique', NULL, 'MZ', 'MOZ', 508, NULL, 'ISO 3166', NULL, NULL, NULL, NULL, NULL, NULL, NULL),
(220, 6, 'Myanmar', NULL, 'MM', 'MMR', 104, NULL, 'ISO 3166', NULL, NULL, NULL, NULL, NULL, NULL, NULL),
(221, 6, 'Namibia', NULL, 'NA', 'NAM', 516, NULL, 'ISO 3166', NULL, NULL, NULL, NULL, NULL, NULL, NULL),
(222, 6, 'Nauru', NULL, 'NR', 'NRU', 520, NULL, 'ISO 3166', NULL, NULL, NULL, NULL, NULL, NULL, NULL),
(223, 6, 'Nepal', NULL, 'NP', 'NPL', 524, NULL, 'ISO 3166', NULL, NULL, NULL, NULL, NULL, NULL, NULL),
(224, 6, 'Netherlands', NULL, 'NL', 'NLD', 528, NULL, 'ISO 3166', NULL, NULL, NULL, NULL, NULL, NULL, NULL),
(225, 6, 'Netherlands Antilles', NULL, 'AN', 'ANT', 530, NULL, 'ISO 3166', NULL, NULL, NULL, NULL, NULL, NULL, NULL),
(226, 6, 'New Caledonia', NULL, 'NC', 'NCL', 540, NULL, 'ISO 3166', NULL, NULL, NULL, NULL, NULL, NULL, NULL),
(227, 6, 'New Zealand', NULL, 'NZ', 'NZL', 554, NULL, 'ISO 3166', NULL, NULL, NULL, NULL, NULL, NULL, NULL),
(228, 6, 'Nicaragua', NULL, 'NI', 'NIC', 558, NULL, 'ISO 3166', NULL, NULL, NULL, NULL, NULL, NULL, NULL),
(229, 6, 'Niger', NULL, 'NE', 'NER', 562, NULL, 'ISO 3166', NULL, NULL, NULL, NULL, NULL, NULL, NULL),
(230, 6, 'Nigeria', NULL, 'NG', 'NGA', 566, NULL, 'ISO 3166', NULL, NULL, NULL, NULL, NULL, NULL, NULL),
(231, 6, 'Niue', NULL, 'NU', 'NIU', 570, NULL, 'ISO 3166', NULL, NULL, NULL, NULL, NULL, NULL, NULL),
(232, 6, 'Norfolk Island', NULL, 'NF', 'NFK', 574, NULL, 'ISO 3166', NULL, NULL, NULL, NULL, NULL, NULL, NULL),
(233, 6, 'Northern Mariana Islands', NULL, 'MP', 'MNP', 580, NULL, 'ISO 3166', NULL, NULL, NULL, NULL, NULL, NULL, NULL),
(234, 6, 'Norway', NULL, 'NO', 'NOR', 578, NULL, 'ISO 3166', NULL, NULL, NULL, NULL, NULL, NULL, NULL),
(235, 6, 'Oman', NULL, 'OM', 'OMN', 512, NULL, 'ISO 3166', NULL, NULL, NULL, NULL, NULL, NULL, NULL),
(236, 6, 'Pakistan', NULL, 'PK', 'PAK', 586, NULL, 'ISO 3166', NULL, NULL, NULL, NULL, NULL, NULL, NULL),
(237, 6, 'Palau', NULL, 'PW', 'PLW', 585, NULL, 'ISO 3166', NULL, NULL, NULL, NULL, NULL, NULL, NULL),
(238, 6, 'Palestinian Territory, Occupied', NULL, 'PS', NULL, NULL, NULL, 'ISO 3166', NULL, NULL, NULL, NULL, NULL, NULL, NULL),
(239, 6, 'Panama', NULL, 'PA', 'PAN', 591, NULL, 'ISO 3166', NULL, NULL, NULL, NULL, NULL, NULL, NULL),
(240, 6, 'Papua New Guinea', NULL, 'PG', 'PNG', 598, NULL, 'ISO 3166', NULL, NULL, NULL, NULL, NULL, NULL, NULL),
(241, 6, 'Paraguay', NULL, 'PY', 'PRY', 600, NULL, 'ISO 3166', NULL, NULL, NULL, NULL, NULL, NULL, NULL),
(242, 6, 'Peru', NULL, 'PE', 'PER', 604, NULL, 'ISO 3166', NULL, NULL, NULL, NULL, NULL, NULL, NULL),
(243, 6, 'Philippines', NULL, 'PH', 'PHL', 608, NULL, 'ISO 3166', NULL, NULL, NULL, NULL, NULL, NULL, NULL),
(244, 6, 'Pitcairn', NULL, 'PN', 'PCN', 612, NULL, 'ISO 3166', NULL, NULL, NULL, NULL, NULL, NULL, NULL),
(245, 6, 'Poland', NULL, 'PL', 'POL', 616, NULL, 'ISO 3166', NULL, NULL, NULL, NULL, NULL, NULL, NULL),
(246, 6, 'Portugal', NULL, 'PT', 'PRT', 620, NULL, 'ISO 3166', NULL, NULL, NULL, NULL, NULL, NULL, NULL),
(247, 6, 'Puerto Rico', NULL, 'PR', 'PRI', 630, NULL, 'ISO 3166', NULL, NULL, NULL, NULL, NULL, NULL, NULL),
(248, 6, 'Qatar', NULL, 'QA', 'QAT', 634, NULL, 'ISO 3166', NULL, NULL, NULL, NULL, NULL, NULL, NULL),
(249, 6, 'Reunion', NULL, 'RE', 'REU', 638, NULL, 'ISO 3166', NULL, NULL, NULL, NULL, NULL, NULL, NULL),
(250, 6, 'Romania', NULL, 'RO', 'ROM', 642, NULL, 'ISO 3166', NULL, NULL, NULL, NULL, NULL, NULL, NULL),
(251, 6, 'Russian Federation', NULL, 'RU', 'RUS', 643, NULL, 'ISO 3166', NULL, NULL, NULL, NULL, NULL, NULL, NULL),
(252, 6, 'Rwanda', NULL, 'RW', 'RWA', 646, NULL, 'ISO 3166', NULL, NULL, NULL, NULL, NULL, NULL, NULL),
(253, 6, 'Saint Helena', NULL, 'SH', 'SHN', 654, NULL, 'ISO 3166', NULL, NULL, NULL, NULL, NULL, NULL, NULL),
(254, 6, 'Saint Kitts and Nevis', NULL, 'KN', 'KNA', 659, NULL, 'ISO 3166', NULL, NULL, NULL, NULL, NULL, NULL, NULL),
(255, 6, 'Saint Lucia', NULL, 'LC', 'LCA', 662, NULL, 'ISO 3166', NULL, NULL, NULL, NULL, NULL, NULL, NULL),
(256, 6, 'Saint Pierre and Miquelon', NULL, 'PM', 'SPM', 666, NULL, 'ISO 3166', NULL, NULL, NULL, NULL, NULL, NULL, NULL),
(257, 6, 'Saint Vincent and the Grenadines', NULL, 'VC', 'VCT', 670, NULL, 'ISO 3166', NULL, NULL, NULL, NULL, NULL, NULL, NULL),
(258, 6, 'Samoa', NULL, 'WS', 'WSM', 882, NULL, 'ISO 3166', NULL, NULL, NULL, NULL, NULL, NULL, NULL),
(259, 6, 'San Marino', NULL, 'SM', 'SMR', 674, NULL, 'ISO 3166', NULL, NULL, NULL, NULL, NULL, NULL, NULL),
(260, 6, 'Sao Tome and Principe', NULL, 'ST', 'STP', 678, NULL, 'ISO 3166', NULL, NULL, NULL, NULL, NULL, NULL, NULL),
(261, 6, 'Saudi Arabia', NULL, 'SA', 'SAU', 682, NULL, 'ISO 3166', NULL, NULL, NULL, NULL, NULL, NULL, NULL),
(262, 6, 'Senegal', NULL, 'SN', 'SEN', 686, NULL, 'ISO 3166', NULL, NULL, NULL, NULL, NULL, NULL, NULL),
(263, 6, 'Serbia and Montenegro', NULL, 'CS', NULL, NULL, NULL, 'ISO 3166', NULL, NULL, NULL, NULL, NULL, NULL, NULL),
(264, 6, 'Seychelles', NULL, 'SC', 'SYC', 690, NULL, 'ISO 3166', NULL, NULL, NULL, NULL, NULL, NULL, NULL),
(265, 6, 'Sierra Leone', NULL, 'SL', 'SLE', 694, NULL, 'ISO 3166', NULL, NULL, NULL, NULL, NULL, NULL, NULL),
(266, 6, 'Singapore', NULL, 'SG', 'SGP', 702, NULL, 'ISO 3166', NULL, NULL, NULL, NULL, NULL, NULL, NULL),
(267, 6, 'Slovakia', NULL, 'SK', 'SVK', 703, NULL, 'ISO 3166', NULL, NULL, NULL, NULL, NULL, NULL, NULL),
(268, 6, 'Slovenia', NULL, 'SI', 'SVN', 705, NULL, 'ISO 3166', NULL, NULL, NULL, NULL, NULL, NULL, NULL),
(269, 6, 'Solomon Islands', NULL, 'SB', 'SLB', 90, NULL, 'ISO 3166', NULL, NULL, NULL, NULL, NULL, NULL, NULL),
(270, 6, 'Somalia', NULL, 'SO', 'SOM', 706, NULL, 'ISO 3166', NULL, NULL, NULL, NULL, NULL, NULL, NULL),
(271, 6, 'South Africa', NULL, 'ZA', 'ZAF', 710, NULL, 'ISO 3166', NULL, NULL, NULL, NULL, NULL, NULL, NULL),
(272, 6, 'South Georgia and the South Sandwich Islands', NULL, 'GS', NULL, NULL, NULL, 'ISO 3166', NULL, NULL, NULL, NULL, NULL, NULL, NULL),
(273, 6, 'Spain', NULL, 'ES', 'ESP', 724, NULL, 'ISO 3166', NULL, NULL, NULL, NULL, NULL, NULL, NULL),
(274, 6, 'Sri Lanka', NULL, 'LK', 'LKA', 144, NULL, 'ISO 3166', NULL, NULL, NULL, NULL, NULL, NULL, NULL),
(275, 6, 'Sudan', NULL, 'SD', 'SDN', 736, NULL, 'ISO 3166', NULL, NULL, NULL, NULL, NULL, NULL, NULL),
(276, 6, 'Suriname', NULL, 'SR', 'SUR', 740, NULL, 'ISO 3166', NULL, NULL, NULL, NULL, NULL, NULL, NULL),
(277, 6, 'Svalbard and Jan Mayen', NULL, 'SJ', 'SJM', 744, NULL, 'ISO 3166', NULL, NULL, NULL, NULL, NULL, NULL, NULL),
(278, 6, 'Swaziland', NULL, 'SZ', 'SWZ', 748, NULL, 'ISO 3166', NULL, NULL, NULL, NULL, NULL, NULL, NULL),
(279, 6, 'Sweden', '', 'SE', 'SWE', 752, 0, 'ISO 3166', NULL, NULL, NULL, NULL, NULL, NULL, '2007-06-01 11:37:37'),
(280, 6, 'Switzerland', NULL, 'CH', 'CHE', 756, NULL, 'ISO 3166', NULL, NULL, NULL, NULL, NULL, NULL, NULL),
(281, 6, 'Syrian Arab Republic', NULL, 'SY', 'SYR', 760, NULL, 'ISO 3166', NULL, NULL, NULL, NULL, NULL, NULL, NULL),
(282, 6, 'Taiwan, Province of China', NULL, 'TW', 'TWN', 158, NULL, 'ISO 3166', NULL, NULL, NULL, NULL, NULL, NULL, NULL),
(283, 6, 'Tajikistan', NULL, 'TJ', 'TJK', 762, NULL, 'ISO 3166', NULL, NULL, NULL, NULL, NULL, NULL, NULL),
(284, 6, 'Tanzania, United Republic of', NULL, 'TZ', 'TZA', 834, NULL, 'ISO 3166', NULL, NULL, NULL, NULL, NULL, NULL, NULL),
(285, 6, 'Thailand', NULL, 'TH', 'THA', 764, NULL, 'ISO 3166', NULL, NULL, NULL, NULL, NULL, NULL, NULL),
(286, 6, 'Timor-Leste', NULL, 'TL', NULL, NULL, NULL, 'ISO 3166', NULL, NULL, NULL, NULL, NULL, NULL, NULL),
(287, 6, 'Togo', NULL, 'TG', 'TGO', 768, NULL, 'ISO 3166', NULL, NULL, NULL, NULL, NULL, NULL, NULL),
(288, 6, 'Tokelau', NULL, 'TK', 'TKL', 772, NULL, 'ISO 3166', NULL, NULL, NULL, NULL, NULL, NULL, NULL),
(289, 6, 'Tonga', NULL, 'TO', 'TON', 776, NULL, 'ISO 3166', NULL, NULL, NULL, NULL, NULL, NULL, NULL),
(290, 6, 'Trinidad and Tobago', NULL, 'TT', 'TTO', 780, NULL, 'ISO 3166', NULL, NULL, NULL, NULL, NULL, NULL, NULL),
(291, 6, 'Tunisia', NULL, 'TN', 'TUN', 788, NULL, 'ISO 3166', NULL, NULL, NULL, NULL, NULL, NULL, NULL),
(292, 6, 'Turkey', NULL, 'TR', 'TUR', 792, NULL, 'ISO 3166', NULL, NULL, NULL, NULL, NULL, NULL, NULL),
(293, 6, 'Turkmenistan', NULL, 'TM', 'TKM', 795, NULL, 'ISO 3166', NULL, NULL, NULL, NULL, NULL, NULL, NULL),
(294, 6, 'Turks and Caicos Islands', NULL, 'TC', 'TCA', 796, NULL, 'ISO 3166', NULL, NULL, NULL, NULL, NULL, NULL, NULL),
(295, 6, 'Tuvalu', NULL, 'TV', 'TUV', 798, NULL, 'ISO 3166', NULL, NULL, NULL, NULL, NULL, NULL, NULL),
(296, 6, 'Uganda', NULL, 'UG', 'UGA', 800, NULL, 'ISO 3166', NULL, NULL, NULL, NULL, NULL, NULL, NULL),
(297, 6, 'Ukraine', NULL, 'UA', 'UKR', 804, NULL, 'ISO 3166', NULL, NULL, NULL, NULL, NULL, NULL, NULL),
(298, 6, 'United Arab Emirates', NULL, 'AE', 'ARE', 784, NULL, 'ISO 3166', NULL, NULL, NULL, NULL, NULL, NULL, NULL),
(299, 6, 'United Kingdom', NULL, 'GB', 'GBR', 826, NULL, 'ISO 3166', NULL, NULL, NULL, NULL, NULL, NULL, NULL),
(300, 6, 'United States', NULL, 'US', 'USA', 840, NULL, 'ISO 3166', NULL, NULL, NULL, NULL, NULL, NULL, NULL),
(301, 6, 'United States Minor Outlying Islands', NULL, 'UM', NULL, NULL, NULL, 'ISO 3166', NULL, NULL, NULL, NULL, NULL, NULL, NULL),
(302, 6, 'Uruguay', NULL, 'UY', 'URY', 858, NULL, 'ISO 3166', NULL, NULL, NULL, NULL, NULL, NULL, NULL),
(303, 6, 'Uzbekistan', NULL, 'UZ', 'UZB', 860, NULL, 'ISO 3166', NULL, NULL, NULL, NULL, NULL, NULL, NULL),
(304, 6, 'Vanuatu', NULL, 'VU', 'VUT', 548, NULL, 'ISO 3166', NULL, NULL, NULL, NULL, NULL, NULL, NULL),
(305, 6, 'Venezuela', NULL, 'VE', 'VEN', 862, NULL, 'ISO 3166', NULL, NULL, NULL, NULL, NULL, NULL, NULL),
(306, 6, 'Viet Nam', NULL, 'VN', 'VNM', 704, NULL, 'ISO 3166', NULL, NULL, NULL, NULL, NULL, NULL, NULL),
(307, 6, 'Virgin Islands, British', NULL, 'VG', 'VGB', 92, NULL, 'ISO 3166', NULL, NULL, NULL, NULL, NULL, NULL, NULL),
(308, 6, 'Virgin Islands, U.s.', NULL, 'VI', 'VIR', 850, NULL, 'ISO 3166', NULL, NULL, NULL, NULL, NULL, NULL, NULL),
(309, 6, 'Wallis and Futuna', NULL, 'WF', 'WLF', 876, NULL, 'ISO 3166', NULL, NULL, NULL, NULL, NULL, NULL, NULL),
(310, 6, 'Western Sahara', NULL, 'EH', 'ESH', 732, NULL, 'ISO 3166', NULL, NULL, NULL, NULL, NULL, NULL, NULL),
(311, 6, 'Yemen', NULL, 'YE', 'YEM', 887, NULL, 'ISO 3166', NULL, NULL, NULL, NULL, NULL, NULL, NULL),
(312, 6, 'Zambia', NULL, 'ZM', 'ZMB', 894, NULL, 'ISO 3166', NULL, NULL, NULL, NULL, NULL, NULL, NULL),
(313, 6, 'Zimbabwe', NULL, 'ZW', 'ZWE', 716, NULL, 'ISO 3166', NULL, NULL, NULL, NULL, NULL, NULL, NULL),
(317, 19, 'Title note', '', '', '', NULL, 1, 'ISAD(G) 3.1.2', 1, NULL, NULL, NULL, NULL, '2007-10-02 11:27:08', '2007-10-02 11:28:05'),
(318, 19, 'Maintenance note', '', '', '', NULL, 5, 'ISAAR 5.4.9, ISIAH 5.6.9, ISAF 5.4.9', NULL, NULL, NULL, NULL, NULL, '2007-10-02 11:31:10', '2007-10-02 11:31:10'),
(319, 7, 'Fonds', '', '', '', NULL, 1, 'ISAD(G) 3.1.4', NULL, NULL, NULL, NULL, NULL, '2007-10-02 15:15:19', '2007-10-02 15:15:19'),
(320, 7, 'Sub-fonds', '', '', '', NULL, 2, 'ISAD(G) 3.1.4', NULL, NULL, NULL, NULL, NULL, '2007-10-02 15:15:29', '2007-10-02 15:15:29'),
(321, 7, 'Series', '', '', '', NULL, 3, 'ISAD(G) 3.1.4', NULL, NULL, NULL, NULL, NULL, '2007-10-02 15:15:40', '2007-10-02 15:15:40'),
(322, 7, 'Sub-Series', '', '', '', NULL, 4, 'ISAD(G) 3.1.4', NULL, NULL, NULL, NULL, NULL, '2007-10-02 15:18:22', '2007-10-02 15:18:41'),
(323, 7, 'File', '', '', '', NULL, 5, 'ISAD(G) 3.1.4', NULL, NULL, NULL, NULL, NULL, '2007-10-02 15:19:46', '2007-10-02 15:19:46'),
(324, 7, 'Item', '', '', '', NULL, 6, 'ISAD(G) 3.1.4', NULL, NULL, NULL, NULL, NULL, '2007-10-02 15:19:56', '2007-10-02 15:19:56'),
(325, 24, 'archival material', NULL, NULL, NULL, NULL, NULL, NULL, NULL, NULL, NULL, NULL, NULL, NULL, NULL),
(326, 24, 'published material', NULL, NULL, NULL, NULL, NULL, NULL, NULL, NULL, NULL, NULL, NULL, NULL, NULL),
(330, 12, 'Video', '', '', '', NULL, 4, '', 1, NULL, NULL, NULL, NULL, '2007-10-02 16:09:27', '2007-10-02 16:09:27'),
(331, 12, 'Text', '', '', '', NULL, 1, '', NULL, NULL, NULL, NULL, NULL, '2007-10-02 16:17:07', '2007-10-02 16:17:07'),
(332, 12, 'Image', '', '', '', NULL, 2, '', NULL, NULL, NULL, NULL, NULL, '2007-10-02 16:17:15', '2007-10-02 16:17:15'),
(333, 12, 'Audio', '', '', '', NULL, 3, '', NULL, NULL, NULL, NULL, NULL, '2007-10-02 16:17:23', '2007-10-02 16:17:23'),
(334, 25, 'Script of Information Object Description', NULL, NULL, NULL, NULL, NULL, NULL, NULL, NULL, NULL, NULL, NULL, NULL, NULL),
(335, 25, 'Language of Information Object Description', NULL, NULL, NULL, NULL, NULL, NULL, NULL, NULL, NULL, NULL, NULL, NULL, NULL),
(336, 25, 'Subject Access Point', NULL, NULL, NULL, NULL, NULL, NULL, NULL, NULL, NULL, NULL, NULL, NULL, NULL),
(337, 25, 'Place Access Point', NULL, NULL, NULL, NULL, NULL, NULL, NULL, NULL, NULL, NULL, NULL, NULL, NULL),
(341, 26, 'creation', 'created', NULL, NULL, NULL, NULL, NULL, 1, NULL, NULL, NULL, NULL, NULL, NULL),
(342, 26, 'custody', 'took custody', NULL, NULL, NULL, NULL, NULL, 1, NULL, NULL, NULL, NULL, NULL, NULL),
(343, 26, 'publication', 'published', NULL, NULL, NULL, NULL, NULL, 1, NULL, NULL, NULL, NULL, NULL, NULL),
(344, 2, 'Creator', 'created', NULL, NULL, NULL, NULL, NULL, NULL, NULL, NULL, NULL, NULL, NULL, NULL),
(345, 2, 'Custodian', 'had custody', NULL, NULL, NULL, NULL, NULL, NULL, NULL, NULL, NULL, NULL, NULL, NULL),
(352, 26, 'existence', 'existed', NULL, NULL, NULL, NULL, NULL, 1, NULL, NULL, NULL, NULL, NULL, NULL);

--
-- Dumping data for table `user`
--

INSERT INTO `user` (`id`, `user_name`, `email`, `sha1_password`, `salt`, `actor_id`, `created_at`, `updated_at`) VALUES (1, 'default admin', 'admin@qubit-toolkit.org', '301f96a59f916a527db584a178afef3dd9655766', '99f7032b89159227c713c1d99233773c', NULL, NULL, '2007-09-13 15:45:29'),
(6, 'default editor', 'editor@qubit-toolkit.org', '53ffb0d3737947c68ecf909c049725fb7c848aab', '9c18cd7992fdca2e611f1e474f5a3f0e', NULL, '2007-09-13 15:51:51', '2007-09-13 15:51:51'),
(7, 'default contributor', 'contributor@qubit-toolkit.org', '295f4d264d7650a61c1c47f3824d85cad831de7e', 'be29c1435c1cfa83dec264010cecd7e8', NULL, '2007-09-13 15:54:23', '2007-09-13 15:54:23');

--
-- Dumping data for table `user_term_relationship`
--

INSERT INTO `user_term_relationship` (`id`, `user_id`, `term_id`, `relationship_type_id`, `repository_id`, `description`, `created_at`, `updated_at`) VALUES (1, 1, 5, 6, NULL, NULL, NULL, NULL),
(19, 6, 3, 6, NULL, NULL, '2007-09-13 15:51:52', '2007-09-13 15:51:52'),
(20, 7, 2, 6, NULL, NULL, '2007-09-13 15:54:23', '2007-09-13 15:54:23');

SET FOREIGN_KEY_CHECKS=1;
